program_id,program_name,deskripsi,prospek_kerja,mata_kuliah_unggulan,durasi_studi,jenjang,kelompok_prodi,akreditasi_umum,top_kampus_prodi,est_biaya,list_kampus_prodi
1,Administrasi Pendidikan,"Mempelajari pengelolaan, perencanaan, dan pengembangan sistem serta lembaga pendidikan agar berjalan efektif dan efisien.","Manajer Pendidikan, Administrator Sekolah, Pengembang Kurikulum, Konsultan Pendidikan, Pegawai Dinas Pendidikan","Manajemen Sekolah, Perencanaan Pendidikan, Kepemimpinan Pendidikan, Supervisi Pendidikan",4 tahun (S1),S1,Sosial / Pendidikan,Unggul / A,"Universitas Pendidikan Indonesia (UPI), Universitas Negeri Yogyakarta (UNY), Universitas Negeri Malang (UM)",Rp 3.000.000 - Rp 6.500.000,"UPI, UNY, UM, Universitas Negeri Semarang (UNNES), Universitas Negeri Jakarta (UNJ), Universitas Sebelas Maret (UNS), Universitas Negeri Surabaya (UNESA)"
2,Agrobisnis,"Mempelajari bisnis berbasis pertanian, mulai dari penyediaan sarana, proses produksi, hingga pemasaran hasil tani.","Pengusaha Pertanian (Agripreneur), Manajer Perkebunan, Analis Kredit Pertanian, Konsultan Pangan","Manajemen Agribisnis, Tata Niaga Pertanian, Ekonomi Pertanian, Kewirausahaan Agro",4 tahun (S1),S1,Pertanian,Unggul / A,"IPB University, Universitas Gadjah Mada (UGM), Universitas Brawijaya (UB)",Rp 4.500.000 - Rp 9.500.000,"IPB University, UGM, UB, Universitas Padjadjaran (UNPAD), Universitas Sebelas Maret (UNS), Universitas Hasanuddin (UNHAS)"
3,Agroteknologi,"Fokus pada penerapan teknologi modern untuk meningkatkan efisiensi, kualitas produksi tanaman, dan kelestarian lahan.","Ahli Agronomi, Peneliti Tanaman, Konsultan Pertanian, Pengusaha Hidroponik/Organik","Bioteknologi Pertanian, Ilmu Kesuburan Tanah, Pengendalian Hama Terpadu",4 tahun (S1),S1,Pertanian,Unggul / A,"IPB University, Universitas Gadjah Mada (UGM), Universitas Brawijaya (UB)",Rp 4.500.000 - Rp 9.500.000,"IPB University, UGM, UB, Universitas Padjadjaran (UNPAD), Universitas Sebelas Maret (UNS), Universitas Hasanuddin (UNHAS)"
4,Akuntansi,"Mempelajari metode pencatatan, penggolongan, pengauditan, dan pelaporan transaksi keuangan untuk keputusan bisnis.","Akuntan Publik, Auditor internal/eksternal, Analis Keuangan, Spesialis Pajak, Financial Controller","Akuntansi Keuangan, Auditing, Perpajakan, Akuntansi Manajemen, Sistem Informasi Akuntansi",4 tahun (S1),S1,Ekonomi dan Bisnis,Unggul / A,"Universitas Indonesia (UI), Universitas Gadjah Mada (UGM), Universitas Airlangga (UNAIR)",Rp 5.000.000 - Rp 13.000.000,"UI, UGM, UNAIR, Universitas Padjadjaran (UNPAD), Universitas Diponegoro (UNDIP), Universitas Brawijaya (UB), Universitas Sebelas Maret (UNS)"
5,Animasi,"Mempelajari teknik pembuatan gambar bergerak 2D & 3D, efek visual (VFX), serta pembuatan karakter untuk industri kreatif.","Animator 2D/3D, 3D Modeler, Storyboard Artist, VFX Artist, Game Designer, Motion Designer","Pemodelan 3D (3D Modeling), Animasi Karakter, Storyboarding, Efek Visual, Digital Compositing",3-4 tahun,S1 / D4 / D3,Seni / Desain / Kreatif,Unggul / B,"Institut Teknologi Bandung (ITB), Institut Seni Indonesia (ISI) Yogyakarta, Universitas Telkom",Rp 6.500.000 - Rp 16.000.000,"ITB, ISI Yogyakarta, Universitas Telkom, BINUS University, Institut Seni Indonesia (ISI) Surakarta, Universitas Negeri Malang (UM)"
6,Bahasa Dan Sastra Inggris,"Mempelajari linguistik, kesusastraan, dan kebudayaan dari negara-negara berbahasa Inggris, serta teknik penerjemahan.","Penerjemah, Content Writer, Copywriter, Jurnalis, Diplomat, Dosen/Guru, Editor","Introduction to Literature, Phonetics and Phonology, Translation, Critical Discourse Analysis, English Morphology",4 tahun (S1),S1,Sastra / Humaniora,Unggul / A,"Universitas Indonesia (UI), Universitas Gadjah Mada (UGM), Universitas Padjadjaran (UNPAD)",Rp 3.500.000 - Rp 8.500.000,"UI, UGM, UNPAD, Universitas Airlangga (UNAIR), Universitas Diponegoro (UNDIP), Universitas Brawijaya (UB)"
7,Desain Komunikasi Visual,"Mempelajari konsep penyampaian pesan visual melalui karya seni dan desain dengan menggunakan tipografi, ilustrasi, dan fotografi.","Graphic Designer, Art Director, UI/UX Designer, Illustrator, Fotografer, Videografer","Nirmana, Tipografi, Desain Identitas Visual, Fotografi Dasar, Videografi, Animasi Dasar",4 tahun (S1),S1 / D4,Seni / Desain / Kreatif,Unggul / A,"Universitas Indonesia (UI), Universitas Gadjah Mada (UGM), Universitas Airlangga (UNAIR)",Rp 5.000.000 - Rp 13.000.000,"UI, UGM, UNAIR, Universitas Padjadjaran (UNPAD), Universitas Diponegoro (UNDIP), Universitas Brawijaya (UB), Universitas Sebelas Maret (UNS)"
8,Ekonomi Pembangunan,"Mempelajari teori ekonomi terapan yang fokus pada isu-isu pembangunan ekonomi makro, moneter, perbankan, dan kebijakan publik.","Analis Ekonomi, Perencana Keuangan, Pegawai Bappenas/BI, Konsultan Ekonomi, Peneliti","Ekonomi Makro, Ekonomi Mikro, Ekonomi Publik, Ekonomi Moneter, Ekonometrika, Perencanaan Pembangunan",4 tahun (S1),S1,Ekonomi dan Bisnis,Unggul / A,"Universitas Indonesia (UI), Universitas Gadjah Mada (UGM), Universitas Airlangga (UNAIR)",Rp 5.000.000 - Rp 13.000.000,"UI, UGM, UNAIR, Universitas Padjadjaran (UNPAD), Universitas Diponegoro (UNDIP), Universitas Brawijaya (UB), Universitas Sebelas Maret (UNS)"
9,Geografi,"Mempelajari tentang permukaan bumi, iklim, fenomena lingkungan, serta interaksi spasial antara manusia dengan alam.","Ahli Sistem Informasi Geografis (SIG), Perencana Wilayah, Ahli Kartografi, Analis Lingkungan, Surveyor","Kartografi, Penginderaan Jauh (Remote Sensing), Sistem Informasi Geografis, Geomorfologi, Geografi Manusia",4 tahun (S1),S1,Sains / MIPA / Soshum,Unggul / A,"Universitas Gadjah Mada (UGM), Universitas Indonesia (UI), Institut Teknologi Bandung (ITB)",Rp 5.000.000 - Rp 11.000.000,"UGM, UI, ITB, Institut Teknologi Sepuluh Nopember (ITS), IPB University, Universitas Padjadjaran (UNPAD)"
10,Ilmu Administrasi Negara,"Mempelajari sistem pemerintahan, pembuatan kebijakan publik, manajemen publik, serta tata kelola birokrasi dan aparatur negara.","Analis Kebijakan Publik, Pegawai Negeri Sipil (PNS), Staf Ahli Pemerintahan, Konsultan Publik, Spesialis HR","Teori Administrasi Publik, Hukum Administrasi Negara, Analisis Kebijakan Publik, Manajemen Pelayanan Publik, Tata Kelola Pemerintahan",4 tahun (S1),S1,Sosial / Politik (Soshum),Unggul / A,"Universitas Indonesia (UI), Universitas Gadjah Mada (UGM), Universitas Airlangga (UNAIR)",Rp 5.000.000 - Rp 13.000.000,"UI, UGM, UNAIR, Universitas Padjadjaran (UNPAD), Universitas Diponegoro (UNDIP), Universitas Brawijaya (UB), Universitas Sebelas Maret (UNS)"
11,Ilmu Hukum,"Mempelajari sistem hukum, perundang-undangan, serta penerapan norma dan aturan dalam kehidupan berbangsa, bernegara, dan bermasyarakat.","Pengacara, Hakim, Jaksa, Notaris, Legal Counsel, Konsultan Hukum","Pengantar Ilmu Hukum, Hukum Pidana, Hukum Perdata, Hukum Tata Negara, Hukum Internasional",4 tahun (S1),S1,Hukum / Soshum,Unggul / A,"Universitas Indonesia (UI), Universitas Gadjah Mada (UGM), Universitas Airlangga (UNAIR)",Rp 5.000.000 - Rp 13.000.000,"UI, UGM, UNAIR, Universitas Padjadjaran (UNPAD), Universitas Diponegoro (UNDIP), Universitas Brawijaya (UB), Universitas Sebelas Maret (UNS)"
12,Ilmu Komunikasi,"Mempelajari proses penyampaian pesan secara efektif melalui berbagai media, termasuk public relations, jurnalistik, dan penyiaran.","Public Relations, Jurnalis, Broadcaster, Copywriter, Social Media Specialist, Event Organizer","Teori Komunikasi, Jurnalistik Dasar, Public Speaking, Komunikasi Antar Budaya, Manajemen PR",4 tahun (S1),S1,Soshum / Sosial Ilmu Politik,Unggul / A,"Universitas Indonesia (UI), Universitas Gadjah Mada (UGM), Universitas Airlangga (UNAIR)",Rp 5.000.000 - Rp 13.000.000,"UI, UGM, UNAIR, Universitas Padjadjaran (UNPAD), Universitas Diponegoro (UNDIP), Universitas Brawijaya (UB), Universitas Sebelas Maret (UNS)"
13,Informatika,"Fokus pada pengembangan perangkat lunak, ilmu komputer, algoritma, kecerdasan buatan, dan pengelolaan data/informasi berbasis komputasi.","Software Engineer, Data Scientist, Web Developer, System Analyst, AI/ML Engineer","Algoritma & Struktur Data, Rekayasa Perangkat Lunak, Kecerdasan Buatan, Basis Data, Jaringan Komputer",4 tahun (S1),S1,Teknik / Sains dan Teknologi,Unggul / A,"Institut Teknologi Bandung (ITB), Universitas Gadjah Mada (UGM), Universitas Indonesia (UI)",Rp 6.000.000 - Rp 15.000.000,"ITB, UGM, UI, Institut Teknologi Sepuluh Nopember (ITS), Universitas Diponegoro (UNDIP), Universitas Brawijaya (UB), Universitas Hasanuddin (UNHAS)"
14,Keperawatan,"Mempelajari ilmu dan praktik pemberian asuhan keperawatan kepada individu, keluarga, maupun masyarakat dalam keadaan sakit atau sehat.","Perawat Rumah Sakit, Perawat Klinik, Home Care Nurse, Manajer Kesehatan, Pendidik Klinis","Anatomi Fisiologi, Keperawatan Medikal Bedah, Keperawatan Anak, Farmakologi, Etika Keperawatan",3-4 tahun (D3/S1),D3 / S1,Kesehatan / Medis,Unggul / B,"Universitas Indonesia (UI), Universitas Padjadjaran (UNPAD), Universitas Gadjah Mada (UGM)",Rp 6.000.000 - Rp 14.000.000,"UI, UNPAD, UGM, Universitas Airlangga (UNAIR), Universitas Diponegoro (UNDIP), Universitas Brawijaya (UB)"
15,Manajemen,"Mempelajari pengelolaan, perencanaan, dan pengorganisasian sumber daya perusahaan (SDM, keuangan, pemasaran, dan operasional) untuk mencapai tujuan bisnis.","Manajer Perusahaan, HRD, Analis Bisnis, Marketing Executive, Entrepreneur","Manajemen Pemasaran, Manajemen Keuangan, Perilaku Organisasi, Manajemen SDM, Manajemen Strategik",4 tahun (S1),S1,Ekonomi dan Bisnis,Unggul / A,"Universitas Indonesia (UI), Universitas Gadjah Mada (UGM), Universitas Airlangga (UNAIR)",Rp 5.000.000 - Rp 13.000.000,"UI, UGM, UNAIR, Universitas Padjadjaran (UNPAD), Universitas Diponegoro (UNDIP), Universitas Brawijaya (UB), Universitas Sebelas Maret (UNS)"
16,Manajemen Pajak,"Fokus pada administrasi, perencanaan, perhitungan, penyetoran, dan pelaporan pajak berdasarkan peraturan perundang-undangan perpajakan.","Konsultan Pajak, Ahli Pajak (Tax Specialist), Pegawai Ditjen Pajak, Auditor Pajak, Akuntan Pajak","Ketentuan Umum Perpajakan, PPh (Pajak Penghasilan), PPN & PPnBM, Akuntansi Perpajakan, Pemeriksaan Pajak",3-4 tahun,D3 / D4 / S1,Ekonomi dan Bisnis / Vokasi,Unggul / A / B,"Politeknik Keuangan Negara STAN, Universitas Indonesia (UI), Universitas Airlangga (UNAIR)",Rp 4.500.000 - Rp 10.500.000,"PKN STAN, UI, UNAIR, Universitas Brawijaya (UB), Politeknik Negeri Bandung (POLBAN), Universitas Diponegoro (UNDIP)"
17,Manajemen Perdagangan,"Mempelajari strategi bisnis, logistik, rantai pasok (supply chain), serta aktivitas ekspor-impor dalam industri perdagangan.","Manajer Ritel, Spesialis Ekspor Impor, Supply Chain Analyst, Merchandiser, Analis Perdagangan","Manajemen Ritel, Manajemen Logistik, Perdagangan Internasional, Ekspor Impor, Hukum Perdagangan",3-4 tahun,D3 / D4 / S1,Ekonomi dan Bisnis / Vokasi,Baik Sekali / B,"Politeknik Keuangan Negara STAN, Universitas Indonesia (UI), Universitas Airlangga (UNAIR)",Rp 4.500.000 - Rp 10.500.000,"PKN STAN, UI, UNAIR, Universitas Brawijaya (UB), Politeknik Negeri Bandung (POLBAN), Universitas Diponegoro (UNDIP)"
18,Manajemen Perhotelan,"Mempelajari operasional hotel, manajemen tata graha (housekeeping), tata boga, kantor depan (front office), dan pelayanan tamu (hospitality).","Hotel Manager, Front Office Manager, Event Manager, F&B Manager, Konsultan Hospitality","Pengantar Hospitalitas, Manajemen Food & Beverage, Manajemen Front Office, Housekeeping, Service Excellence",3-4 tahun,D3 / D4 / S1,Pariwisata / Hospitalitas,Unggul / A / B,"Politeknik Pariwisata NHI Bandung, Universitas Gadjah Mada (UGM), Universitas Udayana (UNUD)",Rp 5.000.000 - Rp 12.000.000,"Poltekpar NHI Bandung, UGM, UNUD, Universitas Brawijaya (UB), Universitas Pendidikan Indonesia (UPI), Politeknik Negeri Bali"
19,Pariwisata,"Mempelajari perencanaan, pengelolaan, dan pengembangan destinasi wisata, serta industri perjalanan dan layanan rekreasi.","Tour Manager, Manajer Destinasi Wisata, Pegawai Kemenparekraf, Travel Vlogger, Perencana Tur (Tour Planner)","Geografi Pariwisata, Perencanaan Destinasi, Manajemen Perjalanan Wisata, Ekowisata, Sosiologi Pariwisata",4 tahun (S1),S1 / D4,Pariwisata,Unggul / A / B,"Politeknik Pariwisata NHI Bandung, Universitas Gadjah Mada (UGM), Universitas Udayana (UNUD)",Rp 5.000.000 - Rp 12.000.000,"Poltekpar NHI Bandung, UGM, UNUD, Universitas Brawijaya (UB), Universitas Pendidikan Indonesia (UPI), Politeknik Negeri Bali"
20,Pendidikan Agama Islam,"Mempelajari ilmu keislaman, pedagogi, dan metode pengajaran untuk menjadi pendidik agama Islam di instansi pendidikan maupun masyarakat.","Guru/Dosen PAI, Penyuluh Agama, Peneliti Pendidikan Islam, Staf Kemenag, Content Creator Islami","Ulumul Quran & Hadis, Ilmu Fiqih, Sejarah Peradaban Islam, Metodologi Pembelajaran PAI, Psikologi Pendidikan",4 tahun (S1),S1,Ilmu Agama / Pendidikan,Unggul / A,"UIN Syarif Hidayatullah, UIN Sunan Kalijaga, UIN Maulana Malik Ibrahim",Rp 2.000.000 - Rp 5.500.000,"UIN Syarif Hidayatullah, UIN Sunan Kalijaga, UIN Maulana Malik Ibrahim, UIN Sunan Gunung Djati, Universitas Muhammadiyah Yogyakarta, UIN Sunan Ampel"
21,Pendidikan Bahasa Dan Sastra Indonesia,"Mempelajari bahasa, sastra, dan budaya Indonesia beserta teori, metode, dan teknik pengajaran bahasa untuk melahirkan pendidik yang kompeten.","Guru Bahasa Indonesia, Dosen, Penulis, Editor, Peneliti Bahasa/Sastra, Jurnalis","Linguistik Umum, Teori Belajar Bahasa, Sejarah Sastra Indonesia, Perencanaan Pembelajaran Bahasa & Sastra",4 tahun (S1),S1,Pendidikan / Sastra,Unggul / A,"Universitas Pendidikan Indonesia (UPI), Universitas Negeri Yogyakarta (UNY), Universitas Negeri Malang (UM)",Rp 3.000.000 - Rp 6.500.000,"UPI, UNY, UM, Universitas Negeri Semarang (UNNES), Universitas Negeri Jakarta (UNJ), Universitas Sebelas Maret (UNS), Universitas Negeri Surabaya (UNESA)"
22,Pendidikan Bahasa Inggris,"Mempelajari penguasaan kemampuan bahasa Inggris (listening, speaking, dsb) serta metodologi pengajaran bahasa Inggris sebagai bahasa asing.","Guru Bahasa Inggris, English Tutor, Translator/Interpreter, EdTech Content Creator, Liaison Officer","English Grammar, TEFL (Teaching English as a Foreign Language), Curriculum Development, Language Assessment",4 tahun (S1),S1,Pendidikan / Sastra,Unggul / A,"Universitas Pendidikan Indonesia (UPI), Universitas Negeri Yogyakarta (UNY), Universitas Negeri Malang (UM)",Rp 3.000.000 - Rp 6.500.000,"UPI, UNY, UM, Universitas Negeri Semarang (UNNES), Universitas Negeri Jakarta (UNJ), Universitas Sebelas Maret (UNS), Universitas Negeri Surabaya (UNESA)"
23,Pendidikan Bahasa Indonesia,"Fokus pada penguasaan tata bahasa Indonesia dan kemahiran berbahasa (menyimak, berbicara, membaca, menulis) khusus untuk pengajaran di sekolah.","Guru Bahasa Indonesia, Tentor Bimbel, Penyusun Buku Teks, Pengembang Bahan Ajar, Content Writer","Fonologi & Morfologi Bahasa Indonesia, Keterampilan Berbahasa, Metodologi Pembelajaran Bahasa Indonesia, Desain Pembelajaran",4 tahun (S1),S1,Pendidikan / Sastra,Unggul / A,"Universitas Pendidikan Indonesia (UPI), Universitas Negeri Yogyakarta (UNY), Universitas Negeri Malang (UM)",Rp 3.000.000 - Rp 6.500.000,"UPI, UNY, UM, Universitas Negeri Semarang (UNNES), Universitas Negeri Jakarta (UNJ), Universitas Sebelas Maret (UNS), Universitas Negeri Surabaya (UNESA)"
24,Pendidikan Bahasa Jepang,"Mempelajari struktur bahasa Jepang (Kanji, tatabahasa, percakapan), kebudayaan Jepang, serta cara mengajarkannya di lembaga pendidikan formal/informal.","Guru Bahasa Jepang, Penerjemah/Interpreter, Staf Perusahaan Jepang, Pemandu Wisata, EdTech Instructor","Nihongo (Struktur Bahasa), Choukai (Menyimak), Kaiwa (Berbicara), Metodologi Pengajaran Bahasa Jepang, Budaya Jepang",4 tahun (S1),S1,Pendidikan / Sastra,Unggul / A / B,"Universitas Pendidikan Indonesia (UPI), Universitas Negeri Yogyakarta (UNY), Universitas Negeri Malang (UM)",Rp 3.000.000 - Rp 6.500.000,"UPI, UNY, UM, Universitas Negeri Semarang (UNNES), Universitas Negeri Jakarta (UNJ), Universitas Sebelas Maret (UNS), Universitas Negeri Surabaya (UNESA)"
25,Pendidikan Biologi,"Menggabungkan konsep ilmu biologi murni (makhluk hidup, ekologi, genetika) dengan ilmu pedagogi untuk mencetak guru sains biologi yang profesional.","Guru Biologi, Laboran, Edukator Kebun Binatang/Museum Sains, Peneliti Pendidikan, Pembuat Konten Edukasi Sains","Anatomi & Fisiologi Makhluk Hidup, Genetika, Ekologi, Strategi Pembelajaran Biologi, Media Pembelajaran Berbasis TIK",4 tahun (S1),S1,Pendidikan / Sains (MIPA),Unggul / A,"Universitas Pendidikan Indonesia (UPI), Universitas Negeri Yogyakarta (UNY), Universitas Negeri Malang (UM)",Rp 3.000.000 - Rp 6.500.000,"UPI, UNY, UM, Universitas Negeri Semarang (UNNES), Universitas Negeri Jakarta (UNJ), Universitas Sebelas Maret (UNS), Universitas Negeri Surabaya (UNESA)"
26,Pendidikan Ekonomi,"Mempelajari konsep dasar ilmu ekonomi, akuntansi, dan manajemen serta strategi pedagogi untuk mengajarkannya di tingkat sekolah menengah.","Guru Ekonomi/Akuntansi, Wirausahawan, Analis Pendidikan, Staf Keuangan, Pengembang Media Ekonomi","Teori Ekonomi Makro & Mikro, Manajemen Bisnis, Metode Pembelajaran Ekonomi, Akuntansi Dasar, Evaluasi Pembelajaran",4 tahun (S1),S1,Pendidikan / Ekonomi,Unggul / A,"Universitas Pendidikan Indonesia (UPI), Universitas Negeri Yogyakarta (UNY), Universitas Negeri Malang (UM)",Rp 3.000.000 - Rp 6.500.000,"UPI, UNY, UM, Universitas Negeri Semarang (UNNES), Universitas Negeri Jakarta (UNJ), Universitas Sebelas Maret (UNS), Universitas Negeri Surabaya (UNESA)"
27,Pendidikan Fisika,"Mempelajari prinsip-prinsip dasar fisika (mekanika, termodinamika, kuantum) bersama dengan teori belajar untuk mengajar sains secara kreatif.","Guru Fisika, Pengembang Alat Peraga Sains, Tentor Olimpiade Sains, Laboran Fisika, Content Creator Sains","Fisika Dasar, Mekanika Analitik, Fisika Modern, Perencanaan Pembelajaran Fisika, Desain Eksperimen Fisika",4 tahun (S1),S1,Pendidikan / Sains (MIPA),Unggul / A,"Universitas Pendidikan Indonesia (UPI), Universitas Negeri Yogyakarta (UNY), Universitas Negeri Malang (UM)",Rp 3.000.000 - Rp 6.500.000,"UPI, UNY, UM, Universitas Negeri Semarang (UNNES), Universitas Negeri Jakarta (UNJ), Universitas Sebelas Maret (UNS), Universitas Negeri Surabaya (UNESA)"
28,Pendidikan Geografi,"Mempelajari ilmu kebumian, fenomena geosfer, kartografi, serta kurikulum geografi sekolah untuk mempersiapkan tenaga pendidik bidang spasial/IPS.","Guru Geografi, Staf Pemetaan (SIG), Konsultan Lingkungan Hidup, Edukator Geopark, Peneliti Pendidikan Geografi","Geografi Fisik, Kartografi Dasar, Sistem Informasi Geografis (SIG) Pendidikan, Strategi Pembelajaran Geografi",4 tahun (S1),S1,Pendidikan / Soshum,Unggul / A,"Universitas Pendidikan Indonesia (UPI), Universitas Negeri Yogyakarta (UNY), Universitas Negeri Malang (UM)",Rp 3.000.000 - Rp 6.500.000,"UPI, UNY, UM, Universitas Negeri Semarang (UNNES), Universitas Negeri Jakarta (UNJ), Universitas Sebelas Maret (UNS), Universitas Negeri Surabaya (UNESA)"
29,Pendidikan Guru Pendidikan Anak Usia Dini,"Mempelajari perkembangan fisik, kognitif, motorik, dan sosial anak usia dini (0-6 tahun) serta metode pengajaran berbasis bermain yang edukatif.","Guru TK/PAUD, Pemilik/Pengelola Daycare, Konsultan Tumbuh Kembang, Pembuat Mainan Edukatif, Konsultan Parenting","Perkembangan Anak Usia Dini, Metode Bermain & Bercerita, Deteksi Dini Tumbuh Kembang, Manajemen PAUD, Kreativitas Seni PAUD",4 tahun (S1),S1,Pendidikan,Unggul / A,"Universitas Pendidikan Indonesia (UPI), Universitas Negeri Yogyakarta (UNY), Universitas Negeri Malang (UM)",Rp 3.000.000 - Rp 6.500.000,"UPI, UNY, UM, Universitas Negeri Semarang (UNNES), Universitas Negeri Jakarta (UNJ), Universitas Sebelas Maret (UNS), Universitas Negeri Surabaya (UNESA)"
30,Pendidikan Guru Sekolah Dasar,"Mempelajari semua mata pelajaran dasar (Matematika, IPA, IPS, Bahasa, PKn) tingkat SD beserta psikologi perkembangan anak usia sekolah dasar.","Guru Kelas SD/MI, Tutor Sekolah Dasar, Konsultan Pendidikan Dasar, Penulis Buku Anak, Pengembang Kurikulum SD","Pembelajaran Tematik Terpadu, Matematika SD, IPA SD, IPS SD, PKn SD, Strategi dan Evaluasi Pembelajaran SD",4 tahun (S1),S1,Pendidikan,Unggul / A,"Universitas Pendidikan Indonesia (UPI), Universitas Negeri Yogyakarta (UNY), Universitas Negeri Malang (UM)",Rp 3.000.000 - Rp 6.500.000,"UPI, UNY, UM, Universitas Negeri Semarang (UNNES), Universitas Negeri Jakarta (UNJ), Universitas Sebelas Maret (UNS), Universitas Negeri Surabaya (UNESA)"
31,Pendidikan Ilmu Pengetahuan Alam,"Mempelajari sains dasar (Fisika, Kimia, Biologi) secara terpadu beserta ilmu pedagogi untuk diajarkan pada jenjang pendidikan menengah.","Guru IPA Terpadu (SMP), Laboran Sekolah, Pengembang Alat Peraga Sains, Peneliti Pendidikan Sains, Edukator Museum Sains","Konsep Dasar IPA, Biologi Umum, Fisika Dasar, Kimia Dasar, Strategi Pembelajaran IPA Terpadu",4 tahun (S1),S1,Pendidikan / Sains (MIPA),Unggul / A,"Universitas Pendidikan Indonesia (UPI), Universitas Negeri Yogyakarta (UNY), Universitas Negeri Malang (UM)",Rp 3.000.000 - Rp 6.500.000,"UPI, UNY, UM, Universitas Negeri Semarang (UNNES), Universitas Negeri Jakarta (UNJ), Universitas Sebelas Maret (UNS), Universitas Negeri Surabaya (UNESA)"
32,Pendidikan Ilmu Pengetahuan Sosial,"Mempelajari konsep ilmu sosial secara terintegrasi (Sejarah, Geografi, Ekonomi, Sosiologi) untuk pengajaran di tingkat sekolah menengah.","Guru IPS Terpadu (SMP), Fasilitator Sosial, Pengembang Kurikulum IPS, Peneliti Sosial, Edukator Masyarakat","Konsep Dasar IPS, Pengantar Sosiologi, Geografi Regional, Sejarah Indonesia, Metodologi Pembelajaran IPS",4 tahun (S1),S1,Pendidikan / Soshum,Unggul / A,"Universitas Pendidikan Indonesia (UPI), Universitas Negeri Yogyakarta (UNY), Universitas Negeri Malang (UM)",Rp 3.000.000 - Rp 6.500.000,"UPI, UNY, UM, Universitas Negeri Semarang (UNNES), Universitas Negeri Jakarta (UNJ), Universitas Sebelas Maret (UNS), Universitas Negeri Surabaya (UNESA)"
33,Pendidikan Keagamaan Islam,"Fokus pada kajian keilmuan agama Islam secara mendalam beserta metode pengajaran untuk mendidik di madrasah, pesantren, maupun instansi lainnya.","Guru Agama (Madrasah/Sekolah), Penyuluh Agama Islam, Pengasuh Pesantren, Peneliti Pendidikan Islam, Dai/Mubaligh","Ilmu Tafsir, Ilmu Hadis, Fiqih dan Ushul Fiqih, Metodologi Pengajaran Agama, Ilmu Akhlaq dan Tasawuf",4 tahun (S1),S1,Ilmu Agama / Pendidikan,Unggul / A / B,"UIN Syarif Hidayatullah, UIN Sunan Kalijaga, UIN Maulana Malik Ibrahim",Rp 2.000.000 - Rp 5.500.000,"UIN Syarif Hidayatullah, UIN Sunan Kalijaga, UIN Maulana Malik Ibrahim, UIN Sunan Gunung Djati, Universitas Muhammadiyah Yogyakarta, UIN Sunan Ampel"
34,Pendidikan Kimia,"Mempelajari ilmu kimia murni (organik, anorganik, fisik, analitik) yang dikombinasikan dengan ilmu kependidikan untuk mencetak guru kimia.","Guru Kimia (SMA/SMK), Laboran Kimia, Peneliti Pendidikan Kimia, Quality Control (QC) Junior, Pengembang Bahan Ajar","Kimia Dasar, Kimia Analitik, Kimia Organik, Desain Pembelajaran Kimia, Pengelolaan Laboratorium Sekolah",4 tahun (S1),S1,Pendidikan / Sains (MIPA),Unggul / A,"Universitas Pendidikan Indonesia (UPI), Universitas Negeri Yogyakarta (UNY), Universitas Negeri Malang (UM)",Rp 3.000.000 - Rp 6.500.000,"UPI, UNY, UM, Universitas Negeri Semarang (UNNES), Universitas Negeri Jakarta (UNJ), Universitas Sebelas Maret (UNS), Universitas Negeri Surabaya (UNESA)"
35,Pendidikan Luar Biasa,"Mempelajari psikologi, asesmen, dan metode pengajaran khusus bagi anak-anak berkebutuhan khusus agar dapat mengembangkan potensinya secara maksimal.","Guru Sekolah Luar Biasa (SLB), Guru Inklusi, Konsultan Pendidikan Khusus, Terapis Edukasi, Pengembang Karir ABK","Ortodidaktik, Psikologi Anak Berkebutuhan Khusus, Huruf Braille & Bahasa Isyarat, Asesmen ABK, Manajemen Pendidikan Inklusi",4 tahun (S1),S1,Pendidikan / Psikologi,Unggul / A,"Universitas Pendidikan Indonesia (UPI), Universitas Negeri Yogyakarta (UNY), Universitas Negeri Malang (UM)",Rp 3.000.000 - Rp 6.500.000,"UPI, UNY, UM, Universitas Negeri Semarang (UNNES), Universitas Negeri Jakarta (UNJ), Universitas Sebelas Maret (UNS), Universitas Negeri Surabaya (UNESA)"
36,Pendidikan Matematika,Mempelajari teori dan konsep matematika dasar hingga tingkat lanjut beserta metodologi pengajaran yang efektif dan menyenangkan bagi siswa.,"Guru Matematika, Tentor Bimbel, Pengembang Media Pembelajaran Edukatif, Analis Data Junior, Peneliti Pendidikan","Kalkulus, Aljabar Linear, Geometri, Statistika Dasar, Strategi Belajar Mengajar Matematika",4 tahun (S1),S1,Pendidikan / Sains (MIPA),Unggul / A,"Universitas Pendidikan Indonesia (UPI), Universitas Negeri Yogyakarta (UNY), Universitas Negeri Malang (UM)",Rp 3.000.000 - Rp 6.500.000,"UPI, UNY, UM, Universitas Negeri Semarang (UNNES), Universitas Negeri Jakarta (UNJ), Universitas Sebelas Maret (UNS), Universitas Negeri Surabaya (UNESA)"
37,Pendidikan Non Formal,"Mempelajari penyelenggaraan pendidikan di luar sistem sekolah formal, seperti pemberdayaan masyarakat, kursus, pelatihan, dan pendidikan keaksaraan.","Pamong Belajar, Fasilitator Pemberdayaan Masyarakat, Pengelola LKP/PKBM, Instruktur Pelatihan, Pekerja Sosial","Konsep Dasar PLS, Andragogi (Pendidikan Orang Dewasa), Manajemen Pelatihan, Pemberdayaan Masyarakat, Evaluasi Program PNF",4 tahun (S1),S1,Pendidikan / Sosial,Unggul / A,"Universitas Pendidikan Indonesia (UPI), Universitas Negeri Yogyakarta (UNY), Universitas Negeri Malang (UM)",Rp 3.000.000 - Rp 6.500.000,"UPI, UNY, UM, Universitas Negeri Semarang (UNNES), Universitas Negeri Jakarta (UNJ), Universitas Sebelas Maret (UNS), Universitas Negeri Surabaya (UNESA)"
38,Pendidikan Pancasila Dan Kewarganegaraan,"Mempelajari ilmu negara, politik, hukum, dan tata negara untuk mendidik generasi muda agar memiliki kesadaran berbangsa dan bernegara.","Guru PPKn, Peneliti Sosial Politik, Staf Pemerintahan, Aktivis LSM/NGO, Fasilitator Demokrasi","Ilmu Negara, Hukum Tata Negara, Pendidikan Anti Korupsi, Hak Asasi Manusia, Strategi Pembelajaran PPKn",4 tahun (S1),S1,Pendidikan / Soshum,Unggul / A,"Universitas Pendidikan Indonesia (UPI), Universitas Negeri Yogyakarta (UNY), Universitas Negeri Malang (UM)",Rp 3.000.000 - Rp 6.500.000,"UPI, UNY, UM, Universitas Negeri Semarang (UNNES), Universitas Negeri Jakarta (UNJ), Universitas Sebelas Maret (UNS), Universitas Negeri Surabaya (UNESA)"
39,Pendidikan Sejarah,"Mempelajari rentetan peristiwa masa lampau secara kronologis, historiografi, serta metode penyampaian materi sejarah yang interaktif di sekolah.","Guru Sejarah, Pemandu Museum, Peneliti Sejarah, Arsiparis, Jurnalis Sejarah/Penulis Buku","Pengantar Ilmu Sejarah, Sejarah Indonesia, Sejarah Dunia, Historiografi, Perencanaan Pembelajaran Sejarah",4 tahun (S1),S1,Pendidikan / Soshum,Unggul / A,"Universitas Pendidikan Indonesia (UPI), Universitas Negeri Yogyakarta (UNY), Universitas Negeri Malang (UM)",Rp 3.000.000 - Rp 6.500.000,"UPI, UNY, UM, Universitas Negeri Semarang (UNNES), Universitas Negeri Jakarta (UNJ), Universitas Sebelas Maret (UNS), Universitas Negeri Surabaya (UNESA)"
40,Pendidikan Seni Drama Tari Dan Musik,"Mempelajari teori dan praktik seni pertunjukan yang mencakup drama, tari, dan musik, serta metodologi pengajarannya di sekolah.","Guru Seni Budaya, Koreografer, Sutradara Teater, Pelatih Paduan Suara, Seniman Pertunjukan","Teori Dasar Musik, Dasar-Dasar Koreografi, Penyutradaraan, Manajemen Seni Pertunjukan, Strategi Pembelajaran Seni",4 tahun (S1),S1,Pendidikan / Seni,Unggul / A,"Universitas Pendidikan Indonesia (UPI), Universitas Negeri Yogyakarta (UNY), Universitas Negeri Malang (UM)",Rp 3.000.000 - Rp 6.500.000,"UPI, UNY, UM, Universitas Negeri Semarang (UNNES), Universitas Negeri Jakarta (UNJ), Universitas Sebelas Maret (UNS), Universitas Negeri Surabaya (UNESA)"
41,Pendidikan Seni Rupa,"Mempelajari teknik penciptaan karya seni visual (lukis, patung, kriya, desain) dipadukan dengan ilmu kependidikan untuk menjadi pendidik seni.","Guru Seni Rupa, Seniman, Kurator Seni, Ilustrator, Pengelola Galeri Seni","Nirmana, Sejarah Seni Rupa, Seni Lukis Dasar, Seni Kriya, Metodologi Pengajaran Seni Rupa",4 tahun (S1),S1,Pendidikan / Seni,Unggul / A,"Universitas Pendidikan Indonesia (UPI), Universitas Negeri Yogyakarta (UNY), Universitas Negeri Malang (UM)",Rp 3.000.000 - Rp 6.500.000,"UPI, UNY, UM, Universitas Negeri Semarang (UNNES), Universitas Negeri Jakarta (UNJ), Universitas Sebelas Maret (UNS), Universitas Negeri Surabaya (UNESA)"
42,Pendidikan Sosiologi,"Mempelajari interaksi sosial, struktur masyarakat, dan fenomena sosial budaya beserta cara mengajarkannya di jenjang sekolah menengah.","Guru Sosiologi, Peneliti Sosial, Pekerja Sosial, Penyuluh Masyarakat, Aktivis LSM","Pengantar Sosiologi, Sosiologi Pendidikan, Patologi Sosial, Perubahan Sosial Budaya, Strategi Pembelajaran Sosiologi",4 tahun (S1),S1,Pendidikan / Soshum,Unggul / A,"Universitas Pendidikan Indonesia (UPI), Universitas Negeri Yogyakarta (UNY), Universitas Negeri Malang (UM)",Rp 3.000.000 - Rp 6.500.000,"UPI, UNY, UM, Universitas Negeri Semarang (UNNES), Universitas Negeri Jakarta (UNJ), Universitas Sebelas Maret (UNS), Universitas Negeri Surabaya (UNESA)"
43,Pendidikan Tata Rias Dan Kecantikan,"Mempelajari seni merias wajah, penataan rambut, perawatan kulit, serta ilmu keguruan untuk mengajar di SMK program keahlian tata rias.","Guru SMK Tata Rias, Make Up Artist (MUA), Beauty Vlogger, Pengusaha Salon/Klinik Kecantikan, Konsultan Kecantikan","Anatomi Fisiologi Kulit dan Rambut, Tata Rias Wajah Dasar, Tata Rias Pengantin, Perawatan Kulit, Strategi Pembelajaran Tata Rias",4 tahun (S1),S1,Pendidikan / Vokasional,Baik Sekali / A / B,"Universitas Pendidikan Indonesia (UPI), Universitas Negeri Yogyakarta (UNY), Universitas Negeri Malang (UM)",Rp 3.000.000 - Rp 6.500.000,"UPI, UNY, UM, Universitas Negeri Semarang (UNNES), Universitas Negeri Jakarta (UNJ), Universitas Sebelas Maret (UNS), Universitas Negeri Surabaya (UNESA)"
44,Pendidikan Teknik Bangunan,"Mempelajari ilmu teknik sipil dasar, konstruksi bangunan, menggambar teknik, serta ilmu pendidik untuk menjadi guru SMK bidang bangunan.","Guru SMK (Teknik Bangunan), Drafter, Kontraktor/Pemborong, Pengawas Proyek (Surveyor), Estimator Bangunan","Mekanika Teknik, Menggambar Rekayasa, Konstruksi Bangunan Gedung, Ilmu Ukur Tanah, Perencanaan Pembelajaran Kejuruan",4 tahun (S1),S1,Pendidikan / Teknik,Unggul / A,"Universitas Pendidikan Indonesia (UPI), Universitas Negeri Yogyakarta (UNY), Universitas Negeri Malang (UM)",Rp 3.500.000 - Rp 7.500.000,"UPI, UNY, UM, Universitas Negeri Semarang (UNNES), Universitas Negeri Jakarta (UNJ), Universitas Negeri Padang (UNP), Universitas Negeri Makasar (UNM)"
45,Pendidikan Teknik Elektro,"Mempelajari konsep dasar kelistrikan, sistem tenaga, instalasi listrik, dan kontrol beserta metode pengajarannya untuk SMK.","Guru SMK (Teknik Listrik), Teknisi Listrik, Trainer Industri Listrik, Perencana Instalasi, Pengusaha Bidang Kelistrikan","Rangkaian Listrik, Instalasi Penerangan, Mesin-Mesin Listrik, Sistem Kontrol, Evaluasi Pembelajaran Pendidikan Teknik",4 tahun (S1),S1,Pendidikan / Teknik,Unggul / A,"Universitas Pendidikan Indonesia (UPI), Universitas Negeri Yogyakarta (UNY), Universitas Negeri Malang (UM)",Rp 3.500.000 - Rp 7.500.000,"UPI, UNY, UM, Universitas Negeri Semarang (UNNES), Universitas Negeri Jakarta (UNJ), Universitas Negeri Padang (UNP), Universitas Negeri Makasar (UNM)"
46,Pendidikan Teknik Elektronika,"Fokus pada komponen elektronika, sistem mikrokontroler, robotika dasar, dan instrumentasi beserta keterampilan mengajarkannya di SMK.","Guru SMK (Elektronika/Audio Video), Teknisi Elektronika, Trainer Robotika, Perancang Sistem Elektronik, Wirausaha Servis","Rangkaian Elektronika, Elektronika Digital, Mikrokontroler, Sistem Audio Video, Media Pembelajaran Interaktif",4 tahun (S1),S1,Pendidikan / Teknik,Unggul / A,"Universitas Pendidikan Indonesia (UPI), Universitas Negeri Yogyakarta (UNY), Universitas Negeri Malang (UM)",Rp 3.500.000 - Rp 7.500.000,"UPI, UNY, UM, Universitas Negeri Semarang (UNNES), Universitas Negeri Jakarta (UNJ), Universitas Negeri Padang (UNP), Universitas Negeri Makasar (UNM)"
47,Pendidikan Teknik Informatika,"Menggabungkan ilmu rekayasa perangkat lunak, jaringan komputer, dan multimedia dengan ilmu keguruan untuk mendidik guru TIK/RPL di SMK/SMA.","Guru SMK (RPL/TKJ/Multimedia), Guru TIK, Web Developer, Network Administrator, Instructional Designer","Algoritma & Pemrograman, Basis Data, Jaringan Komputer, Interaksi Manusia dan Komputer, Desain Pembelajaran TIK",4 tahun (S1),S1,Pendidikan / Sains Komputer,Unggul / A,"Universitas Pendidikan Indonesia (UPI), Universitas Negeri Yogyakarta (UNY), Universitas Negeri Malang (UM)",Rp 3.500.000 - Rp 7.500.000,"UPI, UNY, UM, Universitas Negeri Semarang (UNNES), Universitas Negeri Jakarta (UNJ), Universitas Negeri Padang (UNP), Universitas Negeri Makasar (UNM)"
48,Pendidikan Teknik Mesin,"Mempelajari perancangan mekanik, proses manufaktur, konversi energi, dan otomotif untuk mencetak pendidik bidang keahlian teknik mesin.","Guru SMK (Teknik Pemesinan/Otomotif), Teknisi Mesin, Instruktur BLK, Drafter Mekanik, Pengusaha Bengkel","Menggambar Teknik Mesin, Proses Produksi, Termodinamika, Elemen Mesin, Metodologi Pembelajaran Kejuruan",4 tahun (S1),S1,Pendidikan / Teknik,Unggul / A,"Universitas Pendidikan Indonesia (UPI), Universitas Negeri Yogyakarta (UNY), Universitas Negeri Malang (UM)",Rp 3.500.000 - Rp 7.500.000,"UPI, UNY, UM, Universitas Negeri Semarang (UNNES), Universitas Negeri Jakarta (UNJ), Universitas Negeri Padang (UNP), Universitas Negeri Makasar (UNM)"
49,Pendidikan Vokasional Desain Fashion,"Mempelajari perancangan busana, pembuatan pola, menjahit, manajemen bisnis fashion, yang dipadukan dengan keterampilan mengajar vokasi.","Guru SMK (Tata Busana), Fashion Designer, Pattern Maker, Fashion Stylist, Pengusaha Butik","Dasar Desain Fashion, Konstruksi Pola, Teknik Menjahit, Sejarah Mode, Metodologi Pembelajaran Vokasi",4 tahun (S1/D4),S1 / D4,Pendidikan / Vokasi,Unggul / A,"Universitas Pendidikan Indonesia (UPI), Universitas Negeri Yogyakarta (UNY), Universitas Negeri Malang (UM)",Rp 3.500.000 - Rp 7.500.000,"UPI, UNY, UM, Universitas Negeri Semarang (UNNES), Universitas Negeri Jakarta (UNJ), Universitas Negeri Padang (UNP), Universitas Negeri Makasar (UNM)"
50,Pendidikan Vokasional Seni Kuliner,"Mempelajari ilmu tata boga, pengolahan makanan, gizi, serta manajemen restoran untuk mencetak guru vokasi dan tenaga profesional kuliner.","Guru SMK (Tata Boga), Chef, Foodpreneur, Pengelola Katering, Food Stylist","Pengolahan Makanan Kontinental, Makanan Nusantara, Bakery & Pastry, Manajemen Gizi, Strategi Pembelajaran Kuliner",4 tahun (S1/D4),S1 / D4,Pendidikan / Vokasi,Unggul / A,"Universitas Pendidikan Indonesia (UPI), Universitas Negeri Yogyakarta (UNY), Universitas Negeri Malang (UM)",Rp 3.500.000 - Rp 7.500.000,"UPI, UNY, UM, Universitas Negeri Semarang (UNNES), Universitas Negeri Jakarta (UNJ), Universitas Negeri Padang (UNP), Universitas Negeri Makasar (UNM)"
51,Pendidikan Musik,"Mempelajari teori musik, praktik vokal atau instrumen, sejarah musik, serta ilmu keguruan untuk mengajarkan seni musik secara akademis.","Guru Seni Budaya (Musik), Instruktur Vokal/Instrumen, Dirigen (Conductor), Musisi, Arus Pendidik Seni","Teori Musik, Mayor Instrumen/Vokal, Paduan Suara, Solfegio, Metodologi Pengajaran Musik",4 tahun (S1),S1,Pendidikan / Seni,Unggul / A / B,"Universitas Pendidikan Indonesia (UPI), Universitas Negeri Yogyakarta (UNY), Universitas Negeri Malang (UM)",Rp 3.000.000 - Rp 6.500.000,"UPI, UNY, UM, Universitas Negeri Semarang (UNNES), Universitas Negeri Jakarta (UNJ), Universitas Sebelas Maret (UNS), Universitas Negeri Surabaya (UNESA)"
52,Pendidikan Tari,"Fokus pada penguasaan teknik menari (tradisional maupun modern), koreografi, dan ilmu pedagogi untuk mendidik siswa dalam bidang seni tari.","Guru Seni Tari, Koreografer, Penari Profesional, Pengelola Sanggar Tari, Kritikus Tari","Praktik Tari Nusantara, Koreografi, Tata Rias dan Busana Tari, Tinjauan Seni, Metodologi Pembelajaran Tari",4 tahun (S1),S1,Pendidikan / Seni,Unggul / A / B,"Universitas Pendidikan Indonesia (UPI), Universitas Negeri Yogyakarta (UNY), Universitas Negeri Malang (UM)",Rp 3.000.000 - Rp 6.500.000,"UPI, UNY, UM, Universitas Negeri Semarang (UNNES), Universitas Negeri Jakarta (UNJ), Universitas Sebelas Maret (UNS), Universitas Negeri Surabaya (UNESA)"
53,Penginderaan Jauh Dan Sistem Informasi Geografis,"Mempelajari pemetaan, analisis spasial, dan ekstraksi data keruangan dari citra satelit atau foto udara untuk pengelolaan lingkungan dan wilayah.","Analis SIG (GIS Analyst), Surveyor Pemetaan, Ahli Penginderaan Jauh, Konsultan Lingkungan, Staf Instansi Pemerintah (BIG/BPN)","Fotogrametri, Sistem Informasi Geografis Dasar, Penginderaan Jauh Digital, Kartografi, Pemodelan Spasial",3-4 tahun,D3 / D4 / S1,Sains / Teknik,Unggul / A,"Universitas Gadjah Mada (UGM), Universitas Indonesia (UI), Institut Teknologi Bandung (ITB)",Rp 5.000.000 - Rp 11.000.000,"UGM, UI, ITB, Institut Teknologi Sepuluh Nopember (ITS), IPB University, Universitas Padjadjaran (UNPAD)"
54,Perpustakaan Dan Ilmu Informasi,"Mempelajari sistem pengelolaan, penyimpanan, pengorganisasian, dan penyebaran informasi secara manual maupun digital di era kiwari.","Pustakawan, Information Specialist, Document Controller, Arsiparis, Manajer Basis Data","Klasifikasi dan Katalogisasi, Manajemen Perpustakaan, Literasi Informasi, Preservasi Digital, Sistem Temu Kembali Informasi",4 tahun (S1),S1,Soshum / Humaniora,Unggul / A,"Universitas Indonesia (UI), Universitas Gadjah Mada (UGM), Universitas Padjadjaran (UNPAD)",Rp 3.500.000 - Rp 8.500.000,"UI, UGM, UNPAD, Universitas Airlangga (UNAIR), Universitas Diponegoro (UNDIP), Universitas Brawijaya (UB)"
55,Psikologi,"Mempelajari perilaku, proses mental, kepribadian, serta pemikiran manusia dalam konteks klinis, sosial, pendidikan, maupun industri.","HRD / Recruiter, Asisten Psikolog, Konselor, Peneliti Perilaku, Fasilitator Pelatihan","Psikologi Klinis, Biopsikologi, Psikologi Perkembangan, Psikodiagnostika, Psikologi Industri & Organisasi",4 tahun (S1),S1,Soshum / Kesehatan,Unggul / A,"Universitas Indonesia (UI), Universitas Gadjah Mada (UGM), Universitas Airlangga (UNAIR)",Rp 5.000.000 - Rp 13.000.000,"UI, UGM, UNAIR, Universitas Padjadjaran (UNPAD), Universitas Diponegoro (UNDIP), Universitas Brawijaya (UB), Universitas Sebelas Maret (UNS)"
56,Sastra Indonesia,"Kajian mendalam tentang karya sastra, linguistik, dan perkembangan budaya Indonesia untuk memahami struktur dan sejarah bahasa nusantara.","Penulis, Editor, Copywriter, Leksikografer, Jurnalis, Kritikus Sastra","Sejarah Sastra, Fonologi, Morfologi, Sintaksis, Kritik Sastra, Semantik",4 tahun (S1),S1,Sastra / Humaniora,Unggul / A,"Universitas Indonesia (UI), Universitas Gadjah Mada (UGM), Universitas Padjadjaran (UNPAD)",Rp 3.500.000 - Rp 8.500.000,"UI, UGM, UNPAD, Universitas Airlangga (UNAIR), Universitas Diponegoro (UNDIP), Universitas Brawijaya (UB)"
57,Sastra Inggris,"Mempelajari karya sastra, tata bahasa, dan kebudayaan dari negara-negara berbahasa Inggris, serta kajian penerjemahan lisan dan tulisan.","Penerjemah, Editor, Content Writer, Diplomat, Liasion Officer, Copywriter","Prose and Poetry, Drama, English Syntax, Translation, Cross-Cultural Understanding",4 tahun (S1),S1,Sastra / Humaniora,Unggul / A,"Universitas Indonesia (UI), Universitas Gadjah Mada (UGM), Universitas Padjadjaran (UNPAD)",Rp 3.500.000 - Rp 8.500.000,"UI, UGM, UNPAD, Universitas Airlangga (UNAIR), Universitas Diponegoro (UNDIP), Universitas Brawijaya (UB)"
58,Statistika,"Mempelajari cara mengumpulkan, mengolah, menganalisis, dan memodelkan data untuk dasar pengambilan keputusan di berbagai bidang.","Data Analyst, Data Scientist, Aktuaris, Peneliti, Staf Analis Data Pemerintah (BPS)","Teori Peluang, Metode Statistika, Analisis Regresi, Statistika Matematika, Data Mining",4 tahun (S1),S1,Sains (MIPA),Unggul / A,"Universitas Gadjah Mada (UGM), Universitas Indonesia (UI), Institut Teknologi Bandung (ITB)",Rp 5.000.000 - Rp 11.000.000,"UGM, UI, ITB, Institut Teknologi Sepuluh Nopember (ITS), IPB University, Universitas Padjadjaran (UNPAD)"
59,Teknik Elektro,"Mempelajari prinsip kelistrikan, elektromagnetisme, sistem kendali, perangkat keras, dan telekomunikasi untuk sistem teknologi cerdas.","Electrical Engineer, Control Engineer, Perancang Sistem Embedded, Teknisi Telekomunikasi, Pegawai BUMN (PLN)","Rangkaian Listrik, Medan Elektromagnetik, Sistem Kendali, Elektronika Analog & Digital, Pengolahan Sinyal Digital",4 tahun (S1),S1,Teknik / Sains Terapan,Unggul / A,"Institut Teknologi Bandung (ITB), Universitas Gadjah Mada (UGM), Universitas Indonesia (UI)",Rp 6.000.000 - Rp 15.000.000,"ITB, UGM, UI, Institut Teknologi Sepuluh Nopember (ITS), Universitas Diponegoro (UNDIP), Universitas Brawijaya (UB), Universitas Hasanuddin (UNHAS)"
60,Teknik Elektro Industri,"Fokus terapan pada teknologi kelistrikan di skala produksi besar, termasuk otomatisasi industri, PLC, dan pemeliharaan mesin pabrik.","Teknisi Otomasi Industri, Maintenance Engineer, PLC Programmer, Supervisor Produksi, Teknisi Instrumentasi","Programmable Logic Controller (PLC), Elektronika Daya, Sistem Mekatronika, Pneumatik & Hidrolik, Perawatan Mesin Industri",3-4 tahun,D3 / D4,Teknik / Vokasi,Baik Sekali / A,"Politeknik Elektronika Negeri Surabaya (PENS), Politeknik Negeri Bandung (POLBAN), Universitas Negeri Yogyakarta (UNY)",Rp 4.000.000 - Rp 9.000.000,"PENS, POLBAN, UNY, Politeknik Negeri Malang (POLINEMA), Universitas Sebelas Maret (UNS), Universitas Negeri Malang (UM)"
61,Teknik Elektronika,"Mempelajari komponen listrik arus lemah, sirkuit terpadu, semikonduktor, mikrokontroler, dan perancangan sistem elektronik atau robotika.","Electronics Engineer, Perancang Sistem Embedded, Teknisi Perangkat Keras, Teknisi Otomasi, Hardware Designer","Rangkaian Elektronika, Elektronika Digital, Sistem Mikroprosesor & Mikrokontroler, Pemrosesan Sinyal, Elektronika Daya",3-4 tahun,D3 / D4 / S1,Teknik / Vokasi,Unggul / A,"Politeknik Elektronika Negeri Surabaya (PENS), Politeknik Negeri Bandung (POLBAN), Universitas Negeri Yogyakarta (UNY)",Rp 4.000.000 - Rp 9.000.000,"PENS, POLBAN, UNY, Politeknik Negeri Malang (POLINEMA), Universitas Sebelas Maret (UNS), Universitas Negeri Malang (UM)"
62,Teknik Geologi,"Mempelajari komposisi, struktur, sifat fisik, sejarah pembentukan bumi, serta eksplorasi sumber daya alam seperti mineral dan migas.","Geologist (Ahli Geologi), Ahli Eksplorasi Migas/Tambang, Konsultan Geoteknik, Analis Mitigasi Bencana, Peneliti Geosains","Petrologi, Mineralogi, Geologi Struktur, Stratigrafi, Geologi Minyak dan Gas Bumi",4 tahun (S1),S1,Teknik / Sains Kebumian,Unggul / A,"Institut Teknologi Bandung (ITB), Universitas Gadjah Mada (UGM), UPN ""Veteran"" Yogyakarta",Rp 7.500.000 - Rp 18.000.000,"ITB, UGM, UPN ""Veteran"" Yogyakarta, Universitas Hasanuddin (UNHAS), Universitas Sriwijaya, Universitas Trisakti"
63,Teknik Listrik,"Fokus terapan pada pembangkitan, transmisi, distribusi tenaga listrik (arus kuat), serta instalasi kelistrikan komersial maupun industri.","Teknisi Kelistrikan, Supervisor Instalasi Listrik, Power Engineer, Maintenance Engineer, Pegawai BUMN (PLN)","Instalasi Listrik, Mesin Listrik, Transmisi dan Distribusi Daya, Proteksi Sistem Tenaga, Peralatan Tegangan Tinggi",3-4 tahun,D3 / D4,Teknik / Vokasi,Unggul / A / B,"Politeknik Elektronika Negeri Surabaya (PENS), Politeknik Negeri Bandung (POLBAN), Universitas Negeri Yogyakarta (UNY)",Rp 4.000.000 - Rp 9.000.000,"PENS, POLBAN, UNY, Politeknik Negeri Malang (POLINEMA), Universitas Sebelas Maret (UNS), Universitas Negeri Malang (UM)"
64,Teknik Mesin,"Mempelajari prinsip fisika untuk analisis, desain, manufaktur, dan pemeliharaan sistem mekanik, konversi energi, serta ilmu material.","Mechanical Engineer, Perancang Mesin, Production Engineer, Ahli Metalurgi, Maintenance Manager","Termodinamika, Kinematika dan Dinamika, Mekanika Fluida, Elemen Mesin, Proses Manufaktur",4 tahun (S1),S1 / D4 / D3,Teknik,Unggul / A,"Institut Teknologi Bandung (ITB), Universitas Gadjah Mada (UGM), Universitas Indonesia (UI)",Rp 6.000.000 - Rp 15.000.000,"ITB, UGM, UI, Institut Teknologi Sepuluh Nopember (ITS), Universitas Diponegoro (UNDIP), Universitas Brawijaya (UB), Universitas Hasanuddin (UNHAS)"
65,Teknik Otomotif,"Mempelajari perancangan, pengembangan, produksi, dan perawatan kendaraan bermotor termasuk sistem mesin, kelistrikan, dan sasis otomotif.","Automotive Engineer, Service Advisor, Teknisi Ahli Otomotif, Perancang Komponen Kendaraan, Quality Control Pabrik","Motor Bakar, Sasis Otomotif, Kelistrikan Kendaraan, Teknologi Alat Berat, Perancangan Kendaraan",3-4 tahun,D3 / D4 / S1,Teknik / Vokasi,Unggul / A / B,"Politeknik Elektronika Negeri Surabaya (PENS), Politeknik Negeri Bandung (POLBAN), Universitas Negeri Yogyakarta (UNY)",Rp 4.000.000 - Rp 9.000.000,"PENS, POLBAN, UNY, Politeknik Negeri Malang (POLINEMA), Universitas Sebelas Maret (UNS), Universitas Negeri Malang (UM)"
66,Teknik Pertambangan,"Mempelajari proses eksplorasi, penambangan (eksploitasi), pemrosesan bahan galian (metalurgi), dan manajemen lingkungan tambang.","Mining Engineer, Mine Planner, Ahli Keselamatan Tambang (HSE), Konsultan Pertambangan, Inspektur Tambang","Geologi Fisik, Mekanika Batuan, Perencanaan Tambang, Teknik Peledakan, Metalurgi Ekstraktif",4 tahun (S1),S1,Teknik,Unggul / A,"Institut Teknologi Bandung (ITB), Universitas Gadjah Mada (UGM), UPN ""Veteran"" Yogyakarta",Rp 7.500.000 - Rp 18.000.000,"ITB, UGM, UPN ""Veteran"" Yogyakarta, Universitas Hasanuddin (UNHAS), Universitas Sriwijaya, Universitas Trisakti"
67,Teknik Sipil,"Mempelajari proses perencanaan, perancangan, konstruksi, dan pemeliharaan infrastruktur seperti gedung, jalan, jembatan, dan bendungan.","Civil Engineer, Structural Engineer, Manajer Proyek Konstruksi, Quantity Surveyor, Kontraktor/Konsultan Perencana","Statika, Mekanika Tanah, Struktur Beton Bertulang, Manajemen Konstruksi, Rekayasa Lalu Lintas",4 tahun (S1),S1,Teknik,Unggul / A,"Institut Teknologi Bandung (ITB), Universitas Gadjah Mada (UGM), Universitas Indonesia (UI)",Rp 6.000.000 - Rp 15.000.000,"ITB, UGM, UI, Institut Teknologi Sepuluh Nopember (ITS), Universitas Diponegoro (UNDIP), Universitas Brawijaya (UB), Universitas Hasanuddin (UNHAS)"
68,Teknologi Kosmetik,"Fokus mempelajari ilmu kimia dan farmasi terapan untuk formulasi, inovasi, uji keamanan, dan produksi produk perawatan kulit serta kosmetik.","Formulator Kosmetik, R&D Kosmetik, Quality Control/Assurance Industri Kosmetik, Evaluator Produk Kecantikan, Beautypreneur","Formulasi Kosmetik, Bahan Baku Kosmetik, Uji Keamanan Kosmetik, Teknologi Pembuatan Kosmetik, CPKB (Cara Pembuatan Kosmetik yang Baik)",3-4 tahun,D3 / D4 / S1,Teknik / Farmasi / Vokasi,Baik Sekali / B / A,"Universitas Padjadjaran (UNPAD), Universitas Indonesia (UI), Universitas Ahmad Dahlan (UAD)",Rp 6.000.000 - Rp 15.000.000,"UNPAD, UI, UAD, IPB University, Universitas Surabaya (UBAYA), Universitas Megarezky"
